Workbook

Sheet Исходные данные
A1: ID клиента | B1: Дата первой покупки | C1: Дата последней покупки | D1: Сумма покупок | E1: Статус клиента | F1: Лояльный Ушедший | G1: Время жизни дней | H1: Сегмент по сумме | I1: Сегмент по активности | Y1: =DATE(2025,12,4) -> 45995
A2: 1 | B2: 45672 | C2: 45995 | D2: 125000 | E2: =IF(D2="","", IF(B2=C2, "Новый", IF(C2>=$Y$1-30, "Активный", "Ушедший"))) -> Активный | F2: =IF(E2="Ушедший", "Ушедший", "Лояльный") -> Лояльный | G2: =IF(AND(B2<>"",C2<>""), DATEDIF(B2, C2, "d"), "") -> 323 | H2: =IF(D2="","", IF(D2<10000,"Малый",IF(D2<=50000,"Средний","Крупный"))) -> Крупный | I2: =IF(G2="","", IF(G2<100,"Недавние",IF(G2<=365,"Ядро","Ветераны"))) -> Ядро
A3: 2 | B3: 45981 | C3: 45981 | D3: 8500 | E3: =IF(D3="","", IF(B3=C3, "Новый", IF(C3>=$Y$1-30, "Активный", "Ушедший"))) -> Новый | F3: =IF(E3="Ушедший", "Ушедший", "Лояльный") -> Лояльный | G3: =IF(AND(B3<>"",C3<>""), DATEDIF(B3, C3, "d"), "") -> 0 | H3: =IF(D3="","", IF(D3<10000,"Малый",IF(D3<=50000,"Средний","Крупный"))) -> Малый | I3: =IF(G3="","", IF(G3<100,"Недавние",IF(G3<=365,"Ядро","Ветераны"))) -> Недавние
A4: 3 | B4: 45575 | C4: 45884 | D4: 45600 | E4: =IF(D4="","", IF(B4=C4, "Новый", IF(C4>=$Y$1-30, "Активный", "Ушедший"))) -> Ушедший | F4: =IF(E4="Ушедший", "Ушедший", "Лояльный") -> Ушедший | G4: =IF(AND(B4<>"",C4<>""), DATEDIF(B4, C4, "d"), "") -> 309 | H4: =IF(D4="","", IF(D4<10000,"Малый",IF(D4<=50000,"Средний","Крупный"))) -> Средний | I4: =IF(G4="","", IF(G4<100,"Недавние",IF(G4<=365,"Ядро","Ветераны"))) -> Ядро
A5: 4 | B5: 45693 | C5: 45950 | D5: 32000 | E5: =IF(D5="","", IF(B5=C5, "Новый", IF(C5>=$Y$1-30, "Активный", "Ушедший"))) -> Ушедший | F5: =IF(E5="Ушедший", "Ушедший", "Лояльный") -> Ушедший | G5: =IF(AND(B5<>"",C5<>""), DATEDIF(B5, C5, "d"), "") -> 257 | H5: =IF(D5="","", IF(D5<10000,"Малый",IF(D5<=50000,"Средний","Крупный"))) -> Средний | I5: =IF(G5="","", IF(G5<100,"Недавние",IF(G5<=365,"Ядро","Ветераны"))) -> Ядро
A6: 5 | B6: 45553 | C6: 45660 | D6: 189000 | E6: =IF(D6="","", IF(B6=C6, "Новый", IF(C6>=$Y$1-30, "Активный", "Ушедший"))) -> Ушедший | F6: =IF(E6="Ушедший", "Ушедший", "Лояльный") -> Ушедший | G6: =IF(AND(B6<>"",C6<>""), DATEDIF(B6, C6, "d"), "") -> 107 | H6: =IF(D6="","", IF(D6<10000,"Малый",IF(D6<=50000,"Средний","Крупный"))) -> Крупный | I6: =IF(G6="","", IF(G6<100,"Недавние",IF(G6<=365,"Ядро","Ветераны"))) -> Ядро
A7: 6 | B7: 45838 | C7: 45991 | D7: 21500 | E7: =IF(D7="","", IF(B7=C7, "Новый", IF(C7>=$Y$1-30, "Активный", "Ушедший"))) -> Активный | F7: =IF(E7="Ушедший", "Ушедший", "Лояльный") -> Лояльный | G7: =IF(AND(B7<>"",C7<>""), DATEDIF(B7, C7, "d"), "") -> 153 | H7: =IF(D7="","", IF(D7<10000,"Малый",IF(D7<=50000,"Средний","Крупный"))) -> Средний | I7: =IF(G7="","", IF(G7<100,"Недавние",IF(G7<=365,"Ядро","Ветераны"))) -> Ядро
A8: 7 | B8: 45638 | C8: 45925 | D8: 67500 | E8: =IF(D8="","", IF(B8=C8, "Новый", IF(C8>=$Y$1-30, "Активный", "Ушедший"))) -> Ушедший | F8: =IF(E8="Ушедший", "Ушедший", "Лояльный") -> Ушедший | G8: =IF(AND(B8<>"",C8<>""), DATEDIF(B8, C8, "d"), "") -> 287 | H8: =IF(D8="","", IF(D8<10000,"Малый",IF(D8<=50000,"Средний","Крупный"))) -> Крупный | I8: =IF(G8="","", IF(G8<100,"Недавние",IF(G8<=365,"Ядро","Ветераны"))) -> Ядро
A9: 8 | B9: 45750 | C9: 45750 | D9: 12000 | E9: =IF(D9="","", IF(B9=C9, "Новый", IF(C9>=$Y$1-30, "Активный", "Ушедший"))) -> Новый | F9: =IF(E9="Ушедший", "Ушедший", "Лояльный") -> Лояльный | G9: =IF(AND(B9<>"",C9<>""), DATEDIF(B9, C9, "d"), "") -> 0 | H9: =IF(D9="","", IF(D9<10000,"Малый",IF(D9<=50000,"Средний","Крупный"))) -> Средний | I9: =IF(G9="","", IF(G9<100,"Недавние",IF(G9<=365,"Ядро","Ветераны"))) -> Недавние
A10: 9 | B10: 45518 | C10: 45935 | D10: 54200 | E10: =IF(D10="","", IF(B10=C10, "Новый", IF(C10>=$Y$1-30, "Активный", "Ушедший"))) -> Ушедший | F10: =IF(E10="Ушедший", "Ушедший", "Лояльный") -> Ушедший | G10: =IF(AND(B10<>"",C10<>""), DATEDIF(B10, C10, "d"), "") -> 417 | H10: =IF(D10="","", IF(D10<10000,"Малый",IF(D10<=50000,"Средний","Крупный"))) -> Крупный | I10: =IF(G10="","", IF(G10<100,"Недавние",IF(G10<=365,"Ядро","Ветераны"))) -> Ветераны
A11: 10 | B11: 45715 | C11: 45995 | D11: 41000 | E11: =IF(D11="","", IF(B11=C11, "Новый", IF(C11>=$Y$1-30, "Активный", "Ушедший"))) -> Активный | F11: =IF(E11="Ушедший", "Ушедший", "Лояльный") -> Лояльный | G11: =IF(AND(B11<>"",C11<>""), DATEDIF(B11, C11, "d"), "") -> 280 | H11: =IF(D11="","", IF(D11<10000,"Малый",IF(D11<=50000,"Средний","Крупный"))) -> Средний | I11: =IF(G11="","", IF(G11<100,"Недавние",IF(G11<=365,"Ядро","Ветераны"))) -> Ядро
A12: 11 | B12: 45431 | C12: 45960 | D12: 93700 | E12: =IF(D12="","", IF(B12=C12, "Новый", IF(C12>=$Y$1-30, "Активный", "Ушедший"))) -> Ушедший | F12: =IF(E12="Ушедший", "Ушедший", "Лояльный") -> Ушедший | G12: =IF(AND(B12<>"",C12<>""), DATEDIF(B12, C12, "d"), "") -> 529 | H12: =IF(D12="","", IF(D12<10000,"Малый",IF(D12<=50000,"Средний","Крупный"))) -> Крупный | I12: =IF(G12="","", IF(G12<100,"Недавние",IF(G12<=365,"Ядро","Ветераны"))) -> Ветераны
A13: 12 | B13: 45846 | C13: 45846 | D13: 5500 | E13: =IF(D13="","", IF(B13=C13, "Новый", IF(C13>=$Y$1-30, "Активный", "Ушедший"))) -> Новый | F13: =IF(E13="Ушедший", "Ушедший", "Лояльный") -> Лояльный | G13: =IF(AND(B13<>"",C13<>""), DATEDIF(B13, C13, "d"), "") -> 0 | H13: =IF(D13="","", IF(D13<10000,"Малый",IF(D13<=50000,"Средний","Крупный"))) -> Малый | I13: =IF(G13="","", IF(G13<100,"Недавние",IF(G13<=365,"Ядро","Ветераны"))) -> Недавние
... A21: 20 | B21: 45790 | C21: 45995 | D21: 29500 | E21: =IF(D21="","", IF(B21=C21, "Новый", IF(C21>=$Y$1-30, "Активный", "Ушедший"))) -> Активный | F21: =IF(E21="Ушедший", "Ушедший", "Лояльный") -> Лояльный | G21: =IF(AND(B21<>"",C21<>""), DATEDIF(B21, C21, "d"), "") -> 205 | H21: =IF(D21="","", IF(D21<10000,"Малый",IF(D21<=50000,"Средний","Крупный"))) -> Средний | I21: =IF(G21="","", IF(G21<100,"Недавние",IF(G21<=365,"Ядро","Ветераны"))) -> Ядро

Sheet Дашборд
A1: Дашборд анализа оттока клиентов
A3: Ключевые метрики
A4: Всего клиентов | B4: =COUNTIFS('Исходные данные'!H2:H21,"<>", 'Исходные данные'!I2:I21,"<>") -> 20
A5: Лояльные клиенты | B5: =COUNTIF('Исходные данные'!F:F,"Лояльный") -> 10
A6: Ушедшие клиенты | B6: =COUNTIF('Исходные данные'!F:F,"Ушедший") -> 10
A7: Уровень оттока | B7: =IF(B4>0, B6/B4, 0) -> 0.5
A8: Среднее время жизни, дней | B8: =ROUND(AVERAGEIF('Исходные данные'!G:G,">0"),0) -> 308
A9: Средний чек, руб | B9: =AVERAGE('Исходные данные'!D:D) -> 63705
A11: Сегментация клиентов
A12: По сумме покупок | C12: Доля (%)
A13: Малый (<10 тыс.) | B13: =COUNTIF('Исходные данные'!H:H,"Малый") -> 3 | C13: =B13/$B$16 -> 0.15
A14: Средний (10-50 тыс.) | B14: =COUNTIF('Исходные данные'!H:H,"Средний") -> 8 | C14: =B14/$B$16 -> 0.4
A15: Крупный (>50 тыс.) | B15: =COUNTIF('Исходные данные'!H:H,"Крупный") -> 9 | C15: =B15/$B$16 -> 0.45
A16: Итого: | B16: =SUM(B13:B15) -> 20
A17: По активности
A18: Недавние (<100 дн.) | B18: =COUNTIF('Исходные данные'!I:I,"Недавние") -> 5 | C18: =B18/$B$21 -> 0.25
A19: Ядро (100-365 дн.) | B19: =COUNTIF('Исходные данные'!I:I,"Ядро") -> 11 | C19: =B19/$B$21 -> 0.55
A20: Ветераны (>365 дн.) | B20: =COUNTIF('Исходные данные'!I:I,"Ветераны") -> 4 | C20: =B20/$B$21 -> 0.2
A21: Итого: | B21: =SUM(B18:B20) -> 20
A23: Динамика оттока по месяцам 2025
A24: Месяц | B24: Ушедшие
A25: 45658 | B25: {=SUMPRODUCT( (MONTH('Исходные данные'!$C$2:$C$100)=1)* (YEAR('Исходные данные'!$C$2:$C$100)=2025)* ('Исходные данные'!$F$2:$F$100="Ушедший") )} -> 1
A26: 45689 | B26: {=SUMPRODUCT( (MONTH('Исходные данные'!$C$2:$C$100)=2)* (YEAR('Исходные данные'!$C$2:$C$100)=2025)* ('Исходные данные'!$F$2:$F$100="Ушедший") )} -> 0
A27: 45717 | B27: {=SUMPRODUCT( (MONTH('Исходные данные'!$C$2:$C$100)=3)* (YEAR('Исходные данные'!$C$2:$C$100)=2025)* ('Исходные данные'!$F$2:$F$100="Ушедший") )} -> 0
A28: 45748 | B28: {=SUMPRODUCT( (MONTH('Исходные данные'!$C$2:$C$100)=4)* (YEAR('Исходные данные'!$C$2:$C$100)=2025)* ('Исходные данные'!$F$2:$F$100="Ушедший") )} -> 0
A29: 45778 | B29: {=SUMPRODUCT( (MONTH('Исходные данные'!$C$2:$C$100)=5)* (YEAR('Исходные данные'!$C$2:$C$100)=2025)* ('Исходные данные'!$F$2:$F$100="Ушедший") )} -> 0
A30: 45809 | B30: {=SUMPRODUCT( (MONTH('Исходные данные'!$C$2:$C$100)=6)* (YEAR('Исходные данные'!$C$2:$C$100)=2025)* ('Исходные данные'!$F$2:$F$100="Ушедший") )} -> 0
A31: 45839 | B31: {=SUMPRODUCT( (MONTH('Исходные данные'!$C$2:$C$100)=7)* (YEAR('Исходные данные'!$C$2:$C$100)=2025)* ('Исходные данные'!$F$2:$F$100="Ушедший") )} -> 1
A32: 45870 | B32: {=SUMPRODUCT( (MONTH('Исходные данные'!$C$2:$C$100)=8)* (YEAR('Исходные данные'!$C$2:$C$100)=2025)* ('Исходные данные'!$F$2:$F$100="Ушедший") )} -> 2
A33: 45901 | B33: {=SUMPRODUCT( (MONTH('Исходные данные'!$C$2:$C$100)=9)* (YEAR('Исходные данные'!$C$2:$C$100)=2025)* ('Исходные данные'!$F$2:$F$100="Ушедший") )} -> 2
A34: 45931 | B34: {=SUMPRODUCT( (MONTH('Исходные данные'!$C$2:$C$100)=10)* (YEAR('Исходные данные'!$C$2:$C$100)=2025)* ('Исходные данные'!$F$2:$F$100="Ушедший") )} -> 4
A35: 45962 | B35: {=SUMPRODUCT( (MONTH('Исходные данные'!$C$2:$C$100)=11)* (YEAR('Исходные данные'!$C$2:$C$100)=2025)* ('Исходные данные'!$F$2:$F$100="Ушедший") )} -> 0
A36: 45992 | B36: {=SUMPRODUCT( (MONTH('Исходные данные'!$C$2:$C$100)=12)* (YEAR('Исходные данные'!$C$2:$C$100)=2025)* ('Исходные данные'!$F$2:$F$100="Ушедший") )} -> 0
