Workbook

Sheet Исходные данные
A1: ID | B1: ФИО | C1: Email | D1: Город | E1: Дата регистрации | F1: Сумма покупки
A2: 1 | B2: иванов иван иванович | C2: ivanov@mail.ru | D2: Москва | E2: 45363 | F2: 15000
A3: 2 | B3: Петрова Анна | C3: anna.petrova@gmail | D3: Мск | E3: 45366 | F3: 12500
A4: 3 | B4: сидоров сергей | C4: sidorov@yandex.ru | D4: Санкт-Петербург | E4: 45371 | F4: 8000
A5: 4 | C5: kuznetsov@mail.com | D5: СПб | E5: 22 марта 2024 | F5: 22000
A6: 5 | B6: КОЗЛОВА ЕЛЕНА ВИКТОРОВНА | C6: elena.koz@gmail.com | D6: Казань | E6: 45376 | F6: 9500
A7: 6 | B7: Новиков Д.А. | C7: novikov@mail | D7: Москва | E7: 45379 | F7: 18000
A8: 7 | B8: Морозова Мария | C8: morozova@yandex | D8: мОсква | E8: 45383 | F8: 12000
A9: 8 | D9: Новосибирск | E9: 45387 | F9: 16000
A10: 9 | B10: Лебедев Алексей Сергеевич | C10: lebedev@mail.ru | D10: Новосибирск | E10: 45390 | F10: 11000
A11: 10 | B11: иванов иван иванович | C11: ivanov@mail.ru | D11: Москва | E11: 45392 | F11: 7500
A12: 11 | B12: Соколова Ольга | C12: olga.sokolova@gmail.com | D12: Санкт-Петербург | E12: 45394 | F12: 14000
A13: 12 | B13: павлов п.в. | C13: pavlov@mail.com | D13: Москва | E13: 45397 | F13: 19500
A14: 13 | B14: федорова екатерина | C14: ekaterina@yandex | D14: Казань | E14: 45400 | F14: 8500
A15: 14 | B15: Николаев Игорь | C15: nikolaev@gmail | D15: Мск | E15: 45404 | F15: 13000
A16: 15 | B16: орлова а.с. | C16: orlova@mail.ru | D16: Санкт-Петербург | E16: 25 апреля 2024 | F16: 17000
A17: 16 | E17: 45410 | F17: 9000
A18: 17 | B18: Борисов Виктор | C18: borisov@yandex.ru | D18: Новосибирск | E18: 45412 | F18: 12500
A19: 18 | B19: Дмитриев Дмитрий | C19: dmitriev@mail.com | D19: Москва | E19: 45414 | F19: 15500
A20: 19 | B20: Захарова Наталья | C20: zakharova@gmail | D20: СПб | E20: 45417 | F20: 11500
A21: 20 | B21: Семенов Семен | C21: semenov@yandex.ru | D21: Казань | E21: 08 мая 2024 | F21: 13500

Sheet Очищенные данные
A1: ID | B1: ФИО_исправленное | C1: Имя | D1: Отчество | E1: Email | F1: Город | G1: Дата регистрации | H1: Сумма покупки | I1: Статус записи | J1: Проблемы
A2: 1 | B2: Иванов | C2: Иван | D2: Иванович | E2: ivanov@mail.ru | F2: Москва | G2: 45363 | H2: 15000 | I2: =IF(J2="","✅ Готово",IF(AND(B2="",C2="",D2="",E2="",F2="",G2="",H2=""),"⚠️ Пустая строка","❌ Есть проблемы")) -> ✅ Готово | J2: =CONCATENATE(IF(B2="","● Нет фамилии | ",""),IF(C2="","● Нет имени | ",""),IF(D2="","● Нет отчества | ",""),IF(E2="","● Нет email | ",""),IF(F2="","● Нет города | ",""),IF(G2="","● Нет даты | ",""),IF(H2="","● Нет суммы | ",""))
A3: 2 | B3: Петрова | C3: Анна | E3: anna.petrova@gmail.com | F3: Москва | G3: 45366 | H3: 12500 | I3: =IF(J3="","✅ Готово",IF(AND(B3="",C3="",D3="",E3="",F3="",G3="",H3=""),"⚠️ Пустая строка","❌ Есть проблемы")) -> ❌ Есть проблемы | J3: =CONCATENATE(IF(B3="","● Нет фамилии | ",""),IF(C3="","● Нет имени | ",""),IF(D3="","● Нет отчества | ",""),IF(E3="","● Нет email | ",""),IF(F3="","● Нет города | ",""),IF(G3="","● Нет даты | ",""),IF(H3="","● Нет суммы | ","")) -> ● Нет отчества |
A4: 3 | B4: Сидоров | C4: Сергей | E4: sidorov@yandex.ru | F4: Санкт-Петербург | G4: 45371 | H4: 8000 | I4: =IF(J4="","✅ Готово",IF(AND(B4="",C4="",D4="",E4="",F4="",G4="",H4=""),"⚠️ Пустая строка","❌ Есть проблемы")) -> ❌ Есть проблемы | J4: =CONCATENATE(IF(B4="","● Нет фамилии | ",""),IF(C4="","● Нет имени | ",""),IF(D4="","● Нет отчества | ",""),IF(E4="","● Нет email | ",""),IF(F4="","● Нет города | ",""),IF(G4="","● Нет даты | ",""),IF(H4="","● Нет суммы | ","")) -> ● Нет отчества |
A5: 4 | B5: Kuznetsov | E5: kuznetsov@mail.ru | F5: Санкт-Петербург | G5: 45373 | H5: 22000 | I5: =IF(J5="","✅ Готово",IF(AND(B5="",C5="",D5="",E5="",F5="",G5="",H5=""),"⚠️ Пустая строка","❌ Есть проблемы")) -> ❌ Есть проблемы | J5: =CONCATENATE(IF(B5="","● Нет фамилии | ",""),IF(C5="","● Нет имени | ",""),IF(D5="","● Нет отчества | ",""),IF(E5="","● Нет email | ",""),IF(F5="","● Нет города | ",""),IF(G5="","● Нет даты | ",""),IF(H5="","● Нет суммы | ","")) -> ● Нет имени | ● Нет отчества |
A6: 5 | B6: Козлова | C6: Елена | D6: Викторовна | E6: elena.koz@gmail.com | F6: Казань | G6: 45376 | H6: 9500 | I6: =IF(J6="","✅ Готово",IF(AND(B6="",C6="",D6="",E6="",F6="",G6="",H6=""),"⚠️ Пустая строка","❌ Есть проблемы")) -> ✅ Готово | J6: =CONCATENATE(IF(B6="","● Нет фамилии | ",""),IF(C6="","● Нет имени | ",""),IF(D6="","● Нет отчества | ",""),IF(E6="","● Нет email | ",""),IF(F6="","● Нет города | ",""),IF(G6="","● Нет даты | ",""),IF(H6="","● Нет суммы | ",""))
A7: 6 | B7: Новиков | C7: Д | D7: А | E7: novikov@mail.ru | F7: Москва | G7: 45379 | H7: 18000 | I7: =IF(J7="","✅ Готово",IF(AND(B7="",C7="",D7="",E7="",F7="",G7="",H7=""),"⚠️ Пустая строка","❌ Есть проблемы")) -> ✅ Готово | J7: =CONCATENATE(IF(B7="","● Нет фамилии | ",""),IF(C7="","● Нет имени | ",""),IF(D7="","● Нет отчества | ",""),IF(E7="","● Нет email | ",""),IF(F7="","● Нет города | ",""),IF(G7="","● Нет даты | ",""),IF(H7="","● Нет суммы | ",""))
A8: 7 | B8: Морозова | C8: Мария | E8: morozova@yandex.ru | F8: Москва | G8: 45383 | H8: 12000 | I8: =IF(J8="","✅ Готово",IF(AND(B8="",C8="",D8="",E8="",F8="",G8="",H8=""),"⚠️ Пустая строка","❌ Есть проблемы")) -> ❌ Есть проблемы | J8: =CONCATENATE(IF(B8="","● Нет фамилии | ",""),IF(C8="","● Нет имени | ",""),IF(D8="","● Нет отчества | ",""),IF(E8="","● Нет email | ",""),IF(F8="","● Нет города | ",""),IF(G8="","● Нет даты | ",""),IF(H8="","● Нет суммы | ","")) -> ● Нет отчества |
A9: 8 | F9: Новосибирск | G9: 45387 | H9: 16000 | I9: =IF(J9="","✅ Готово",IF(AND(B9="",C9="",D9="",E9="",F9="",G9="",H9=""),"⚠️ Пустая строка","❌ Есть проблемы")) -> ❌ Есть проблемы | J9: =CONCATENATE(IF(B9="","● Нет фамилии | ",""),IF(C9="","● Нет имени | ",""),IF(D9="","● Нет отчества | ",""),IF(E9="","● Нет email | ",""),IF(F9="","● Нет города | ",""),IF(G9="","● Нет даты | ",""),IF(H9="","● Нет суммы | ","")) -> ● Нет фамилии | ● Нет имени | ● Нет отчества | ● Нет email |
A10: 9 | B10: Лебедев | C10: Алексей | D10: Сергеевич | E10: lebedev@mail.ru | F10: Новосибирск | G10: 45390 | H10: 11000 | I10: =IF(J10="","✅ Готово",IF(AND(B10="",C10="",D10="",E10="",F10="",G10="",H10=""),"⚠️ Пустая строка","❌ Есть проблемы")) -> ✅ Готово | J10: =CONCATENATE(IF(B10="","● Нет фамилии | ",""),IF(C10="","● Нет имени | ",""),IF(D10="","● Нет отчества | ",""),IF(E10="","● Нет email | ",""),IF(F10="","● Нет города | ",""),IF(G10="","● Нет даты | ",""),IF(H10="","● Нет суммы | ",""))
A11: 11 | B11: Соколова | C11: Ольга | E11: olga.sokolova@gmail.com | F11: Санкт-Петербург | G11: 45394 | H11: 14000 | I11: =IF(J11="","✅ Готово",IF(AND(B11="",C11="",D11="",E11="",F11="",G11="",H11=""),"⚠️ Пустая строка","❌ Есть проблемы")) -> ❌ Есть проблемы | J11: =CONCATENATE(IF(B11="","● Нет фамилии | ",""),IF(C11="","● Нет имени | ",""),IF(D11="","● Нет отчества | ",""),IF(E11="","● Нет email | ",""),IF(F11="","● Нет города | ",""),IF(G11="","● Нет даты | ",""),IF(H11="","● Нет суммы | ","")) -> ● Нет отчества |
A12: 12 | B12: Павлов | C12: П | D12: В | E12: pavlov@mail.ru | F12: Москва | G12: 45397 | H12: 19500 | I12: =IF(J12="","✅ Готово",IF(AND(B12="",C12="",D12="",E12="",F12="",G12="",H12=""),"⚠️ Пустая строка","❌ Есть проблемы")) -> ✅ Готово | J12: =CONCATENATE(IF(B12="","● Нет фамилии | ",""),IF(C12="","● Нет имени | ",""),IF(D12="","● Нет отчества | ",""),IF(E12="","● Нет email | ",""),IF(F12="","● Нет города | ",""),IF(G12="","● Нет даты | ",""),IF(H12="","● Нет суммы | ",""))
A13: 13 | B13: Федорова | C13: Екатерина | E13: ekaterina@yandex.ru | F13: Казань | G13: 45400 | H13: 8500 | I13: =IF(J13="","✅ Готово",IF(AND(B13="",C13="",D13="",E13="",F13="",G13="",H13=""),"⚠️ Пустая строка","❌ Есть проблемы")) -> ❌ Есть проблемы | J13: =CONCATENATE(IF(B13="","● Нет фамилии | ",""),IF(C13="","● Нет имени | ",""),IF(D13="","● Нет отчества | ",""),IF(E13="","● Нет email | ",""),IF(F13="","● Нет города | ",""),IF(G13="","● Нет даты | ",""),IF(H13="","● Нет суммы | ","")) -> ● Нет отчества |
A14: 14 | B14: Николаев | C14: Игорь | E14: nikolaev@gmail.com | F14: Москва | G14: 45404 | H14: 13000 | I14: =IF(J14="","✅ Готово",IF(AND(B14="",C14="",D14="",E14="",F14="",G14="",H14=""),"⚠️ Пустая строка","❌ Есть проблемы")) -> ❌ Есть проблемы | J14: =CONCATENATE(IF(B14="","● Нет фамилии | ",""),IF(C14="","● Нет имени | ",""),IF(D14="","● Нет отчества | ",""),IF(E14="","● Нет email | ",""),IF(F14="","● Нет города | ",""),IF(G14="","● Нет даты | ",""),IF(H14="","● Нет суммы | ","")) -> ● Нет отчества |
A15: 15 | B15: Орлова | C15: А | D15: С | E15: orlova@mail.ru | F15: Санкт-Петербург | G15: 45407 | H15: 17000 | I15: =IF(J15="","✅ Готово",IF(AND(B15="",C15="",D15="",E15="",F15="",G15="",H15=""),"⚠️ Пустая строка","❌ Есть проблемы")) -> ✅ Готово | J15: =CONCATENATE(IF(B15="","● Нет фамилии | ",""),IF(C15="","● Нет имени | ",""),IF(D15="","● Нет отчества | ",""),IF(E15="","● Нет email | ",""),IF(F15="","● Нет города | ",""),IF(G15="","● Нет даты | ",""),IF(H15="","● Нет суммы | ",""))
A16: 16 | G16: 45410 | H16: 9000 | I16: =IF(J16="","✅ Готово",IF(AND(B16="",C16="",D16="",E16="",F16="",G16="",H16=""),"⚠️ Пустая строка","❌ Есть проблемы")) -> ❌ Есть проблемы | J16: =CONCATENATE(IF(B16="","● Нет фамилии | ",""),IF(C16="","● Нет имени | ",""),IF(D16="","● Нет отчества | ",""),IF(E16="","● Нет email | ",""),IF(F16="","● Нет города | ",""),IF(G16="","● Нет даты | ",""),IF(H16="","● Нет суммы | ","")) -> ● Нет фамилии | ● Нет имени | ● Нет отчества | ● Нет email | ● Нет города |
A17: 17 | B17: Борисов | C17: Виктор | E17: borisov@yandex.ru | F17: Новосибирск | G17: 45412 | H17: 12500 | I17: =IF(J17="","✅ Готово",IF(AND(B17="",C17="",D17="",E17="",F17="",G17="",H17=""),"⚠️ Пустая строка","❌ Есть проблемы")) -> ❌ Есть проблемы | J17: =CONCATENATE(IF(B17="","● Нет фамилии | ",""),IF(C17="","● Нет имени | ",""),IF(D17="","● Нет отчества | ",""),IF(E17="","● Нет email | ",""),IF(F17="","● Нет города | ",""),IF(G17="","● Нет даты | ",""),IF(H17="","● Нет суммы | ","")) -> ● Нет отчества |
A18: 18 | B18: Дмитриев | C18: Дмитрий | E18: dmitriev@mail.ru | F18: Москва | G18: 45414 | H18: 15500 | I18: =IF(J18="","✅ Готово",IF(AND(B18="",C18="",D18="",E18="",F18="",G18="",H18=""),"⚠️ Пустая строка","❌ Есть проблемы")) -> ❌ Есть проблемы | J18: =CONCATENATE(IF(B18="","● Нет фамилии | ",""),IF(C18="","● Нет имени | ",""),IF(D18="","● Нет отчества | ",""),IF(E18="","● Нет email | ",""),IF(F18="","● Нет города | ",""),IF(G18="","● Нет даты | ",""),IF(H18="","● Нет суммы | ","")) -> ● Нет отчества |
A19: 19 | B19: Захарова | C19: Наталья | E19: zakharova@gmail.com | F19: Санкт-Петербург | G19: 45417 | H19: 11500 | I19: =IF(J19="","✅ Готово",IF(AND(B19="",C19="",D19="",E19="",F19="",G19="",H19=""),"⚠️ Пустая строка","❌ Есть проблемы")) -> ❌ Есть проблемы | J19: =CONCATENATE(IF(B19="","● Нет фамилии | ",""),IF(C19="","● Нет имени | ",""),IF(D19="","● Нет отчества | ",""),IF(E19="","● Нет email | ",""),IF(F19="","● Нет города | ",""),IF(G19="","● Нет даты | ",""),IF(H19="","● Нет суммы | ","")) -> ● Нет отчества |
A20: 20 | B20: Семенов | C20: Семен | E20: semenov@yandex.ru | F20: Казань | G20: 45420 | H20: 13500 | I20: =IF(J20="","✅ Готово",IF(AND(B20="",C20="",D20="",E20="",F20="",G20="",H20=""),"⚠️ Пустая строка","❌ Есть проблемы")) -> ❌ Есть проблемы | J20: =CONCATENATE(IF(B20="","● Нет фамилии | ",""),IF(C20="","● Нет имени | ",""),IF(D20="","● Нет отчества | ",""),IF(E20="","● Нет email | ",""),IF(F20="","● Нет города | ",""),IF(G20="","● Нет даты | ",""),IF(H20="","● Нет суммы | ","")) -> ● Нет отчества |

Sheet Результаты проекта
A1: Отчет по проекту: система контроля качестваданных CRM
A3: РАЗДЕЛ 1: Количественные результаты
A4: Всего обработано записей: | C4: =COUNT('Очищенные данные'!A2:A21) -> 19 | D4: =IF(C4>0, 1, 0) -> 1
A5: Готово к использованию: | B5: Качественные: | C5: =COUNTIF('Очищенные данные'!I2:I21,"✅ Готово") -> 6 | D5: =IF($C$4>0, C5/$C$4, 0) -> 0.31578947
A6: Требуют доработки: | B6: Проблемные: | C6: =COUNTIF('Очищенные данные'!I2:I21,"❌ Есть проблемы") -> 13 | D6: =IF($C$4>0, C6/$C$4, 0) -> 0.68421053
A7: Пустые строки: | B7: Пустые: | C7: =COUNTIF('Очищенные данные'!I2:I21,"⚠️ Пустая строка") -> 0 | D7: =IF($C$4>0, C7/$C$4, 0) -> 0
A9: РАЗДЕЛ 2: Качественные результаты
A10: Автоматическая классификация всех записей
A11: Детализация проблем для каждой записи
A12: Визуальная цветовая индикация статусов
A13: Сохранение полной истории данных
A15: РАЗДЕЛ 3: Статистика выявленных проблем
A16: Отсутствие отчества | B16: =COUNTIF('Очищенные данные'!J2:J21,"*отчества*") -> 13 | C16: =IF($C$4>0, B16/$C$4, 0) -> 0.68421053
A17: Неполные email | B17: =COUNTIF('Очищенные данные'!J2:J21,"*email*") -> 2 | C17: =IF($C$4>0, B17/$C$4, 0) -> 0.10526316
A18: Отсутствие города | B18: =COUNTIF('Очищенные данные'!J2:J21,"*города*") -> 1 | C18: =IF($C$4>0, B18/$C$4, 0) -> 0.052631579
A19: Отсутствие даты | B19: =COUNTIF('Очищенные данные'!J2:J21,"*даты*") -> 0 | C19: =IF($C$4>0, B19/$C$4, 0) -> 0
A20: Отсутствие суммы | B20: =COUNTIF('Очищенные данные'!J2:J21,"*суммы*") -> 0 | C20: =IF($C$4>0, B20/$C$4, 0) -> 0
A21: Всего проблемных пометок: | B21: =SUM(B16:B20) -> 16
A23: РАЗДЕЛ 4: Бизнес-ценность проекта
A24: 4.1. Для отдела продаж:
A25: Приоритизация клиентов по статусу готовности
A26: Экономия времени на проверку данных
A27: Увеличение конверсии
A28: 4.2. Для отдела маркетинга:
A29: Точная сегментация по городам и суммам
A30: Персонализированные email-кампании
A31: Измеримая эффективность кампаний
A32: 4.3. Для руководства:
A33: Объективная картина состояния базы
A34: Данные для стратегических решений
... A46: Предиктивная аналитика
